{"cameraMode":{"drawMode":0,"name":"Shaded","section":"Shading Mode"},"sceneLighting":false,"audioPlay":false,"sceneViewState":{"m_AlwaysRefresh":false,"showFog":true,"showSkybox":false,"showFlares":true,"showImageEffects":true,"showParticleSystems":true,"showVisualEffectGraphs":true,"m_FxEnabled":true},"in2DMode":false,"pivot":{"x":0.5709999203681946,"y":0.9940000176429749,"z":2.200000047683716},"rotation":{"x":0.013374697417020798,"y":0.9821638464927673,"z":-0.17112405598163606,"w":0.07676417380571366},"size":0.9173206686973572,"orthographic":false}