{"cameraMode":{"drawMode":0,"name":"Shaded","section":"Shading Mode"},"sceneLighting":false,"audioPlay":false,"sceneViewState":{"m_AlwaysRefresh":false,"showFog":true,"showSkybox":false,"showFlares":true,"showImageEffects":true,"showParticleSystems":true,"showVisualEffectGraphs":true,"m_FxEnabled":true},"in2DMode":false,"pivot":{"x":0.3253706693649292,"y":-0.24920743703842164,"z":-0.3737919330596924},"rotation":{"x":0.08477843552827835,"y":0.9129856824874878,"z":-0.24678848683834077,"w":0.3136366009712219},"size":0.40873461961746218,"orthographic":false}